predictor,Total costs,Total costs SE,Avoidable costs,Avoidable costs SE,Active chronic conditions,Active chronic conditions SE,Race black,Race black SE
Total costs,0.16460290262655664,0.002922575743509381,0.22900265207676404,0.0033116714792899996,0.12052609871224967,0.002565975925802001,0.19294605809128632,0.00311006729647895
Avoidable costs,0.15670184530087033,0.0028650234445563934,0.26686000375884894,0.00348606716434792,0.15132212089271802,0.002824380476743793,0.2572614107883817,0.003445132007514213
Active chronic conditions,0.14175440839173906,0.002748999288169445,0.24294432727044918,0.003380008871846306,0.16511617249438615,0.0029262294745155347,0.29045643153526973,0.003577919642814397
Best-worst difference,0.02284849423481758,,0.0378573516820849,,0.044590073782136475,,0.09751037344398342,
